,pred_prob,circum,num_size,closed_loop,average_distance,variance_distance,k,b,right_1,left_1,longest_line_length,is_nine
0,0.0,64,0.105,False,6.898,6.419,-0.556,24.444,34,48,20.591,True
1,0.0,83,0.168,False,7.566,8.195,-0.368,17.105,77,55,20.248,True
2,0.0,40,0.062,False,5.166,8.811,-0.368,19.474,24,25,20.248,True
3,0.0,75,0.2,False,6.567,2.213,-0.5,17.0,111,46,17.889,True
4,0.005,74,0.12,False,5.971,4.626,-0.222,21.333,19,75,18.439,True
5,0.0,41,0.082,False,5.201,7.95,-0.316,19.579,29,35,19.925,True
6,0.0,72,0.125,False,6.235,7.609,-0.5,24.5,26,72,20.125,True
7,0.0,74,0.173,False,7.09,5.806,1.75,-16.0,39,97,16.125,True
8,0.0,97,0.176,False,8.065,1.478,-0.176,10.882,99,39,17.263,True
9,0.0,101,0.171,False,6.421,5.804,-1.3,31.7,69,65,16.401,True
10,0.0,86,0.171,False,7.216,2.154,0.059,17.706,99,35,17.029,True
11,0.0,42,0.089,False,5.069,7.093,-0.158,15.632,34,36,19.235,True
12,0.0,94,0.136,False,7.649,6.105,1.667,-3.667,82,25,17.493,True
13,0.0,63,0.133,False,7.026,5.174,-0.529,24.765,43,61,19.235,True
14,0.0,95,0.205,False,6.982,8.328,0.938,5.25,125,36,21.932,True
15,0.0,67,0.101,False,5.28,6.017,-0.211,20.053,19,60,19.416,True
16,0.0,69,0.131,False,5.736,6.015,0.214,8.286,24,79,14.318,True
17,0.0,82,0.152,False,5.986,5.154,0.538,2.154,26,93,14.765,True
18,0.0,79,0.125,False,6.844,9.247,-1.714,48.143,7,91,13.892,True
19,0.0,66,0.089,False,5.568,4.397,0.118,15.176,55,15,17.117,True
20,0.0,84,0.29,False,7.337,3.546,-0.933,22.733,150,77,20.518,True
21,0.0,62,0.097,False,6.695,5.667,-0.167,19.5,22,54,18.248,True
22,0.0,71,0.131,False,5.714,4.361,-0.222,21.333,19,84,18.439,True
23,0.0,84,0.202,False,7.018,2.718,-0.118,19.706,54,104,17.117,True
24,0.0,40,0.079,False,5.098,7.514,0.158,11.368,30,32,19.235,True
25,0.0,66,0.148,False,6.239,7.151,1.091,-0.636,73,43,16.279,True
26,0.0,40,0.068,False,4.938,7.475,0.211,11.947,29,24,19.416,True
27,0.0,73,0.148,False,6.499,8.241,0.5,9.0,77,39,17.889,True
28,0.0,81,0.143,False,7.169,4.221,-8.5,166.5,41,71,17.117,True
29,0.0,64,0.149,False,6.702,8.332,-0.684,25.105,58,59,23.022,True
30,0.0,92,0.175,False,7.946,5.613,-1.0,31.0,60,77,19.799,True
31,0.0,75,0.131,False,7.101,4.148,-0.211,19.474,40,63,19.416,True
32,0.0,40,0.075,False,4.977,7.233,0.105,12.474,28,31,19.105,True
33,0.0,75,0.116,False,6.737,5.699,-0.444,18.222,57,34,19.698,True
34,0.0,41,0.099,False,5.053,6.794,-0.111,14.556,41,37,18.111,True
35,0.0,34,0.043,False,4.94,8.12,-0.056,14.278,19,15,18.028,True
36,0.0,63,0.102,False,5.882,5.683,-0.389,21.111,37,43,19.313,True
37,0.0,66,0.144,False,5.453,6.528,-0.211,20.263,26,87,19.416,True
38,0.0,60,0.096,False,5.984,9.067,-4.5,90.5,15,60,18.439,True
39,0.0,53,0.107,False,5.82,7.512,0.056,12.778,39,45,18.028,True
40,0.0,81,0.126,False,6.369,6.26,-0.375,16.25,68,31,17.088,True
41,0.0,42,0.108,False,5.294,7.905,0.316,10.737,49,36,19.925,True
42,0.0,74,0.101,False,6.475,8.167,-0.417,21.333,36,43,13.0,True
43,0.0,67,0.209,False,5.835,6.274,-0.316,21.895,44,120,19.925,True
44,0.0,76,0.134,False,6.156,5.708,-0.056,19.333,16,89,18.028,True
45,0.0,64,0.117,False,5.699,5.539,-0.529,19.588,58,34,19.235,True
46,0.0,92,0.214,False,6.612,6.635,2.375,-12.625,117,51,20.616,True
47,0.0,85,0.139,False,6.402,7.939,-2.667,41.0,87,22,17.088,True
48,0.0,78,0.101,False,7.169,5.534,6.5,-64.5,50,29,13.153,True
49,0.0,104,0.207,False,7.17,7.861,-5.333,121.0,39,123,16.279,True
50,0.042,67,0.153,False,5.077,4.887,-0.105,16.526,38,82,19.105,True
51,0.001,51,0.075,False,5.31,5.95,0.375,9.625,32,27,17.088,True
52,0.005,67,0.124,False,5.958,6.341,-0.421,21.526,38,59,20.616,True
53,0.024,73,0.106,False,6.049,3.833,0.111,15.333,50,33,18.111,True
54,0.001,67,0.207,False,6.396,10.193,1.056,-2.333,56,106,26.173,True
55,0.238,67,0.114,False,5.411,4.724,0.053,16.632,62,27,19.026,True
56,0.127,60,0.082,False,5.707,4.819,-0.857,29.714,9,55,18.439,True
57,0.02,51,0.068,False,5.1,6.894,-0.143,18.429,15,38,14.142,True
58,0.588,60,0.077,False,6.76,6.806,0.467,10.2,44,16,16.553,True
59,0.002,63,0.114,False,5.605,5.962,0.0,15.0,57,32,18.0,True
60,0.001,86,0.13,False,6.482,6.895,-0.944,30.611,35,67,24.759,True
61,0.756,81,0.207,False,6.969,2.144,-8.5,158.0,58,104,17.117,True
62,0.809,81,0.136,False,6.301,9.006,0.667,2.667,39,68,21.633,True
63,0.001,89,0.227,False,6.736,6.668,-1.8,30.0,128,50,20.591,True
64,0.0,50,0.097,False,5.159,6.558,0.158,12.211,44,32,19.235,True
65,0.0,58,0.165,False,5.997,8.309,0.167,9.0,54,75,18.248,True
66,0.622,76,0.184,False,6.643,8.105,-0.105,19.632,31,113,19.105,True
67,0.305,85,0.165,False,6.521,5.002,-0.5,24.0,40,89,20.125,True
68,0.077,66,0.107,False,5.129,5.904,-0.158,17.947,30,54,19.235,True
69,0.265,68,0.111,False,5.483,6.138,0.118,15.176,71,16,17.117,True
70,0.847,75,0.167,False,6.508,5.238,-0.111,20.667,21,110,18.111,True
71,0.005,49,0.064,False,5.925,8.4,-0.474,20.842,24,26,21.024,True
72,0.065,58,0.135,False,5.66,6.041,-0.211,18.263,37,69,19.416,True
73,0.004,56,0.145,False,5.19,6.617,0.444,7.333,61,53,19.698,True
74,0.003,77,0.134,False,5.825,5.464,-1.25,26.5,75,30,19.209,True
75,0.0,68,0.105,False,5.658,6.362,-0.211,20.263,20,62,19.416,True
76,0.004,87,0.158,False,6.182,7.059,-0.765,23.824,76,48,21.401,True
77,0.857,60,0.21,False,5.584,5.293,-0.158,20.105,31,134,19.235,True
78,0.017,86,0.134,False,5.837,6.124,0.188,14.25,73,32,16.279,True
79,0.0,64,0.125,False,6.693,11.612,-0.25,17.5,50,48,16.492,True
80,0.794,80,0.133,False,6.439,4.621,-0.8,30.0,34,70,19.209,True
81,0.0,53,0.14,False,4.79,5.349,0.158,12.053,58,52,19.235,True
82,0.001,53,0.079,False,6.212,7.442,0.222,12.111,32,30,18.439,True
83,0.004,86,0.165,False,6.278,4.438,9.5,-156.5,25,104,19.105,True
84,0.001,64,0.087,False,5.248,6.923,0.111,15.222,51,17,18.111,True
85,0.0,50,0.089,False,6.112,7.078,-0.588,23.118,35,35,19.723,True
86,0.03,63,0.117,False,6.126,6.987,-0.263,18.579,40,52,19.647,True
87,0.107,64,0.121,False,5.679,7.689,0.429,9.571,57,38,15.232,True
88,0.009,82,0.186,False,6.493,6.084,0.412,4.118,40,106,18.385,True
89,0.013,75,0.18,False,6.755,4.277,0.5,11.0,100,41,17.889,True
90,0.002,51,0.084,False,4.792,7.623,0.118,14.059,50,16,17.117,True
91,0.034,86,0.237,False,6.898,8.56,-0.688,26.5,72,114,19.416,True
92,0.005,74,0.147,False,5.696,6.363,-0.625,24.0,56,59,18.868,True
93,0.016,48,0.064,False,5.296,5.737,-0.455,23.0,16,34,12.083,True
94,0.013,29,0.04,False,6.116,8.442,-0.375,20.0,17,14,8.544,True
95,0.131,58,0.089,False,5.477,10.482,-1.118,31.824,15,55,25.495,True
96,0.239,57,0.175,False,6.222,8.768,-0.737,25.421,62,75,23.601,True
97,0.959,83,0.209,False,6.219,6.783,0.0,18.0,123,41,18.0,True
98,0.01,88,0.194,False,6.498,5.836,0.059,15.647,100,52,17.029,True
99,0.494,54,0.219,False,5.596,5.998,0.667,4.0,78,94,21.633,True
100,0.003,66,0.094,False,4.957,6.154,0.053,15.737,58,16,19.026,True
101,0.887,61,0.162,False,5.635,8.179,0.667,2.333,39,88,21.633,True
102,0.71,66,0.093,False,6.018,5.214,-0.529,24.235,20,53,19.235,True
103,0.0,60,0.136,False,5.896,6.936,-0.556,22.333,52,55,20.591,True
104,0.023,59,0.091,False,5.066,7.821,0.278,12.333,54,17,18.682,True
105,0.001,57,0.105,False,6.573,5.475,0.222,12.444,56,26,18.439,True
106,0.17,69,0.194,False,5.936,6.0,-0.529,22.176,69,83,19.235,True
107,0.005,76,0.101,False,5.921,6.95,-0.417,20.5,36,43,13.0,True
108,0.258,68,0.115,False,5.987,5.6,-0.278,19.667,36,54,18.682,True
109,0.608,59,0.093,False,5.276,8.267,-0.647,23.529,31,42,20.248,True
110,0.579,68,0.111,False,4.924,5.132,0.062,15.5,64,23,16.031,True
111,0.003,50,0.099,False,5.718,6.234,-0.833,28.833,37,41,15.62,True
112,0.008,72,0.116,False,6.078,6.946,0.167,15.0,70,21,18.248,True
113,0.005,72,0.128,False,5.812,4.935,0.167,14.0,69,31,18.248,True
114,0.13,74,0.125,False,6.232,5.309,-0.158,18.789,20,78,19.235,True
115,0.002,51,0.129,False,5.728,5.196,0.211,11.737,61,40,19.416,True
116,0.109,71,0.152,False,6.257,6.163,0.688,3.188,45,74,19.416,True
117,0.128,55,0.084,False,4.92,7.765,-0.2,16.2,36,30,15.297,True
118,0.178,82,0.165,False,6.887,3.34,0.167,16.0,96,33,18.248,True
119,0.035,53,0.089,False,5.571,8.621,-0.5,22.0,31,39,17.889,True
120,0.088,63,0.157,False,5.773,5.807,-0.421,21.526,46,77,20.616,True
121,0.008,63,0.236,False,6.272,7.089,-0.737,25.421,82,103,23.601,True
122,0.0,89,0.205,False,6.42,6.088,-0.211,20.053,52,109,19.416,True
123,0.03,76,0.165,False,6.196,6.506,-0.368,23.211,32,97,20.248,True
124,0.005,46,0.172,False,5.283,6.22,0.158,14.211,84,51,19.235,True
125,0.539,65,0.13,False,4.847,5.519,-0.368,22.947,21,81,20.248,True
126,0.272,78,0.133,False,5.667,4.754,0.0,17.0,73,31,19.0,True
127,0.82,65,0.135,False,5.832,7.728,0.846,6.231,80,26,17.029,True
128,0.072,93,0.124,False,6.846,10.202,-1.5,36.0,42,55,18.028,True
129,0.607,80,0.179,False,6.244,5.379,-19.0,271.0,81,59,19.026,True
130,0.006,49,0.142,False,5.945,10.853,-0.632,23.158,51,60,22.472,True
131,0.331,46,0.064,False,5.0,7.122,-0.158,16.947,19,31,19.235,True
132,0.115,66,0.119,False,6.32,5.091,0.263,12.158,59,34,19.647,True
133,0.002,59,0.125,False,5.415,7.471,0.188,14.312,75,23,16.279,True
134,0.28,80,0.167,False,6.319,6.561,0.167,14.333,88,43,18.248,True
135,0.058,64,0.13,False,5.692,5.785,0.059,15.647,65,37,17.029,True
136,0.0,70,0.154,False,6.367,10.673,-0.941,25.647,78,43,23.345,True
137,0.228,61,0.173,False,6.263,6.614,0.688,4.188,66,70,19.416,True
138,0.029,72,0.122,False,6.176,6.952,0.125,14.375,59,37,16.125,True
139,0.069,82,0.112,False,7.46,5.184,0.105,17.158,68,20,19.105,True
140,0.004,70,0.119,False,5.981,4.246,-0.333,21.333,34,59,18.974,True
141,0.001,77,0.139,False,6.753,6.706,-1.545,42.091,22,87,20.248,True
142,0.788,78,0.151,False,5.415,6.103,-0.053,17.263,35,83,19.026,True
143,0.0,63,0.106,False,5.59,5.796,-0.583,26.0,29,54,13.892,True
144,0.004,68,0.107,False,5.322,6.083,-0.105,18.632,20,64,19.105,True
145,0.015,79,0.145,False,6.274,9.69,-0.526,24.105,38,76,21.471,True
146,0.206,64,0.087,False,6.133,7.318,-0.167,18.0,26,42,12.166,True
147,0.839,80,0.136,False,6.06,7.988,0.5,9.5,79,28,20.125,True
148,0.0,53,0.119,False,5.095,6.643,-0.316,20.579,27,66,19.925,True
149,0.91,70,0.12,False,6.322,7.45,0.333,10.667,64,30,18.974,True
150,0.541,59,0.101,False,5.175,4.182,-0.385,21.846,19,60,13.928,True
151,0.127,108,0.186,False,7.204,6.812,0.278,15.611,117,29,18.682,True
152,0.261,61,0.101,False,4.738,5.64,-0.389,21.722,22,57,19.313,True
153,0.832,55,0.079,False,4.708,4.582,-0.056,16.333,25,37,18.028,True
154,0.628,62,0.117,False,5.192,4.792,-0.158,18.105,29,63,19.235,True
155,0.0,70,0.121,False,6.586,10.539,0.211,14.947,80,15,19.416,True
156,0.005,79,0.124,False,6.073,5.754,0.0,18.0,82,15,19.0,True
157,0.129,76,0.152,False,5.762,7.247,-0.667,25.0,47,72,21.633,True
158,0.0,67,0.176,False,5.864,6.895,-0.5,22.5,56,82,20.125,True
159,0.807,66,0.129,False,5.232,6.857,-0.579,22.474,46,55,21.954,True
160,0.993,76,0.135,False,6.06,6.857,-0.529,25.765,25,81,19.235,True
161,0.591,40,0.057,False,5.66,6.466,0.0,16.0,33,12,18.0,True
162,0.017,67,0.126,False,5.305,6.269,-0.294,16.059,69,30,17.72,True
163,0.052,64,0.093,False,5.238,7.18,-0.158,17.947,21,52,19.235,True
164,0.985,69,0.188,False,5.378,5.362,0.105,14.474,101,46,19.105,True
165,0.997,85,0.168,False,6.992,7.478,0.733,6.867,97,35,18.601,True
166,0.912,62,0.106,False,5.282,8.094,-0.353,20.471,24,59,18.028,True
167,0.001,70,0.148,False,5.591,5.722,0.105,14.474,74,42,19.105,True
168,0.359,76,0.166,False,5.578,4.348,-0.105,17.526,40,90,19.105,True
169,0.122,79,0.207,False,6.666,9.689,-0.706,25.941,68,94,20.809,True
170,0.898,90,0.167,False,6.371,8.317,-0.706,28.353,34,97,20.809,True
171,0.689,63,0.101,False,5.462,6.68,-0.412,21.294,30,49,18.385,True
172,0.205,72,0.106,False,5.667,5.033,-0.353,20.471,36,47,18.028,True
173,0.003,90,0.149,False,5.939,6.49,0.118,14.294,74,43,17.117,True
174,0.988,83,0.114,False,6.809,6.76,-3.4,47.2,62,27,17.72,True
175,0.707,72,0.138,False,6.128,9.781,-0.632,25.421,30,78,22.472,True
176,0.069,53,0.106,False,4.887,6.016,-0.056,15.333,38,45,18.028,True
177,0.79,54,0.128,False,4.979,5.653,-0.105,16.526,43,57,19.105,True
178,0.001,76,0.242,False,6.33,4.496,-0.529,20.176,104,86,19.235,True
179,0.0,55,0.103,False,5.65,6.382,0.167,13.167,47,34,18.248,True
180,0.778,60,0.134,False,4.861,5.168,-0.158,17.947,35,70,19.235,True
181,0.072,46,0.088,False,4.769,6.619,-0.105,15.632,27,42,19.105,True
182,0.15,73,0.099,False,5.949,7.802,-0.571,22.571,33,45,16.125,True
183,0.887,50,0.106,False,4.99,6.544,0.056,15.611,56,27,18.028,True
184,0.995,82,0.157,False,5.813,4.094,4.0,-42.0,62,61,16.492,True
185,0.117,62,0.098,False,5.376,5.155,-0.105,16.632,35,42,19.105,True
186,0.796,77,0.149,False,7.059,11.182,-0.778,28.444,34,83,22.804,True
187,0.024,76,0.207,False,6.464,6.552,-0.824,23.118,90,72,22.023,True
188,0.965,59,0.18,False,5.286,5.312,0.158,15.053,105,36,19.235,True
189,0.688,53,0.115,False,5.275,5.987,0.267,10.133,46,44,15.524,True
190,0.303,85,0.179,False,7.198,7.481,0.611,7.944,102,38,21.095,True
191,0.001,57,0.198,False,5.546,6.488,-0.474,18.895,94,61,21.024,True
192,0.299,71,0.125,False,5.861,9.431,0.056,15.556,70,28,18.028,True
193,0.149,96,0.203,False,6.779,5.519,0.222,15.111,119,40,18.439,True
194,0.57,77,0.181,False,6.007,5.676,-0.579,23.474,54,88,21.954,True
195,0.2,78,0.108,False,6.147,4.407,-0.333,22.667,21,64,18.974,True
196,0.001,66,0.101,False,5.59,6.741,0.615,3.846,30,49,15.264,True
197,0.988,84,0.17,False,6.395,7.356,-2.714,63.714,22,111,20.248,True
198,0.202,56,0.103,False,6.028,10.756,-0.684,24.105,35,46,23.022,True
199,0.589,57,0.079,False,5.129,6.729,-0.389,21.722,19,43,19.313,True
200,0.003,84,0.144,False,6.412,6.448,-0.643,25.786,44,69,16.643,True
201,0.627,58,0.14,False,5.599,6.271,-0.056,12.278,69,41,18.028,True
202,0.794,85,0.17,False,6.924,4.037,0.562,12.062,112,21,18.358,True
203,0.002,75,0.158,False,6.164,3.328,-0.294,21.059,44,80,17.72,True
204,0.011,103,0.237,False,6.459,7.202,-0.833,25.167,101,85,23.431,True
205,0.011,67,0.195,False,5.66,5.888,-0.421,19.105,84,69,20.616,True
206,0.919,65,0.121,False,5.264,5.947,-0.421,21.947,30,65,20.616,True
207,0.004,61,0.122,False,5.071,7.28,-0.579,23.474,33,63,21.954,True
208,0.025,58,0.124,False,5.184,7.292,-0.579,23.474,35,62,21.954,True
209,0.994,75,0.108,False,5.597,6.515,-0.667,28.333,17,68,18.028,True
210,0.068,64,0.111,False,6.091,5.814,0.211,11.947,52,35,19.416,True
211,0.344,90,0.226,False,7.123,4.103,-1.182,37.364,40,137,17.029,True
212,0.001,56,0.099,False,5.119,6.668,0.278,11.333,46,32,18.682,True
213,0.479,73,0.161,False,5.641,5.519,-0.462,18.769,80,46,14.318,True
214,0.02,61,0.122,False,6.107,7.554,-1.067,31.667,29,67,21.932,True
215,0.062,84,0.116,False,5.543,6.688,0.056,15.667,61,30,18.028,True
216,0.957,60,0.207,False,5.982,4.615,-0.533,25.333,58,104,17.0,True
217,0.773,93,0.163,False,6.984,7.005,-1.308,37.077,29,99,21.401,True
218,0.023,60,0.091,False,5.384,7.241,0.0,16.0,50,21,15.0,True
219,0.676,83,0.167,False,6.925,8.482,0.421,10.895,96,35,20.616,True
220,0.132,67,0.156,False,5.193,5.096,0.105,14.474,73,49,19.105,True
221,0.565,68,0.154,False,5.563,7.815,0.667,4.333,60,61,21.633,True
222,0.139,64,0.167,False,5.668,7.07,0.688,0.5,27,104,19.416,True
223,0.01,59,0.172,False,5.539,7.019,-0.611,20.056,92,43,21.095,True
224,0.993,60,0.145,False,5.401,6.56,0.105,12.263,58,56,19.105,True
225,0.362,55,0.184,False,5.356,6.579,-0.579,24.474,35,109,21.954,True
226,0.038,78,0.159,False,5.537,5.614,-0.105,18.526,34,91,19.105,True
227,0.011,64,0.092,False,5.361,6.538,-1.0,22.0,53,19,11.314,True
228,0.112,86,0.173,False,6.456,5.457,0.235,13.588,95,41,17.464,True
229,0.043,46,0.089,False,4.869,7.057,-0.158,17.789,25,45,19.235,True
230,0.001,72,0.126,False,5.674,4.6,0.056,15.667,74,25,18.028,True
231,0.622,64,0.124,False,5.403,5.55,0.105,14.368,66,31,19.105,True
232,0.998,65,0.117,False,5.07,4.385,-0.158,18.105,29,63,19.235,True
233,0.963,61,0.145,False,5.128,6.018,-0.158,15.947,56,58,19.235,True
234,0.948,62,0.097,False,5.313,6.201,-0.389,21.722,24,52,19.313,True
235,0.711,53,0.079,False,4.811,6.292,-0.529,23.235,20,42,19.235,True
236,0.98,80,0.181,False,7.141,6.996,0.412,12.941,107,35,18.385,True
237,0.885,48,0.064,False,5.692,6.277,-0.385,21.231,19,31,13.928,True
238,0.833,68,0.116,False,5.506,5.957,0.533,4.267,34,57,17.0,True
239,0.975,76,0.14,False,6.106,7.753,-0.421,23.947,26,84,20.616,True
240,0.647,62,0.106,False,5.751,7.465,-0.583,25.583,28,55,13.892,True
241,0.052,76,0.115,False,5.418,3.955,-0.294,19.059,39,51,17.72,True
242,0.119,73,0.13,False,5.97,5.02,-3.75,69.75,48,54,15.524,True
243,0.673,59,0.112,False,5.154,5.68,-0.312,19.812,30,58,16.763,True
244,0.991,81,0.131,False,6.431,6.453,0.056,15.722,69,34,18.028,True
245,0.997,89,0.181,False,7.14,2.433,0.176,15.765,95,47,17.263,True
246,0.624,61,0.097,False,5.124,5.692,-0.154,19.692,16,60,13.153,True
247,0.003,82,0.202,False,6.49,4.872,1.25,-9.0,43,115,19.209,True
248,0.133,63,0.157,False,5.41,7.662,-0.158,15.947,55,68,19.235,True
249,0.11,80,0.161,False,6.533,3.215,-0.211,20.474,32,94,19.416,True
250,0.983,61,0.126,False,5.184,5.374,-0.053,17.316,27,72,19.026,True
251,0.807,79,0.194,False,6.789,7.856,-1.0,32.0,55,97,22.627,True
252,0.006,74,0.152,False,5.87,5.931,-0.5,22.0,55,64,20.125,True
253,0.742,83,0.124,False,6.207,3.485,-0.059,16.471,45,52,17.029,True
254,0.987,67,0.194,False,6.016,5.098,-0.333,20.333,58,94,18.974,True
255,0.879,70,0.157,False,5.711,6.759,-0.706,26.647,48,75,20.809,True
256,0.743,72,0.231,False,6.363,7.978,1.125,-2.875,75,106,24.083,True
257,0.056,82,0.186,False,6.952,5.007,-0.111,18.667,49,97,18.111,True
258,0.998,63,0.128,False,5.11,6.25,-0.158,18.105,27,73,19.235,True
259,0.878,70,0.176,False,5.835,6.479,-0.588,24.118,54,84,19.723,True
260,0.08,76,0.171,False,6.086,5.807,-0.733,28.6,27,107,18.601,True
261,0.997,71,0.145,False,5.8,4.561,0.6,1.6,33,81,17.493,True
262,0.096,78,0.107,False,6.083,4.485,-0.438,23.938,20,64,17.464,True
263,0.949,68,0.106,False,5.649,5.766,-0.211,18.263,27,56,19.416,True
264,0.75,67,0.093,False,5.601,5.644,-0.059,17.412,22,51,17.029,True
265,0.644,81,0.191,False,6.974,2.881,0.316,13.421,100,50,19.925,True
266,0.237,61,0.08,False,5.654,6.182,-0.222,19.556,19,44,18.439,True
267,0.954,64,0.124,False,5.71,6.593,-0.625,25.0,36,61,18.868,True
268,0.996,62,0.149,False,5.564,7.036,-0.611,25.278,36,81,21.095,True
269,0.11,63,0.108,False,5.293,7.434,0.211,12.947,61,24,19.416,True
270,0.892,78,0.154,False,6.499,8.136,0.263,13.684,96,25,19.647,True
271,0.965,82,0.236,False,6.213,5.271,-6.333,105.333,96,89,19.235,True
272,0.935,59,0.105,False,4.997,5.669,0.0,16.0,58,24,19.0,True
273,0.943,65,0.096,False,5.908,8.549,0.8,6.6,61,14,19.209,True
274,0.998,75,0.138,False,5.908,5.146,-0.5,24.0,28,80,17.889,True
275,0.905,77,0.117,False,6.13,5.252,-0.278,21.222,29,63,18.682,True
276,0.156,55,0.108,False,5.288,5.804,-0.053,15.316,34,51,19.026,True
277,0.534,78,0.154,False,6.606,5.177,0.357,14.214,91,30,14.866,True
278,0.999,65,0.149,False,5.551,7.245,-0.526,23.684,36,81,21.471,True
279,0.992,90,0.195,False,6.424,4.624,-2.429,38.0,112,41,18.385,True
280,1.0,72,0.148,False,6.156,10.676,-0.789,27.526,34,82,24.207,True
281,0.038,50,0.092,False,5.61,6.823,0.053,14.684,45,27,19.026,True
282,0.992,87,0.226,False,6.369,6.229,-0.053,17.263,64,113,19.026,True
283,0.92,97,0.208,False,6.789,7.963,0.316,13.789,123,40,19.925,True
284,0.997,81,0.151,False,6.103,5.539,-0.733,28.333,33,85,18.601,True
285,0.036,54,0.12,False,5.02,6.573,0.214,12.643,60,34,14.318,True
286,0.005,59,0.151,False,5.684,8.294,-0.368,20.211,45,73,20.248,True
287,0.976,63,0.13,False,5.546,5.962,-0.353,20.471,46,56,18.028,True
288,0.446,70,0.126,False,5.011,5.778,-0.053,16.316,42,57,19.026,True
289,0.518,64,0.102,False,5.177,6.412,-0.389,21.333,25,55,19.313,True
290,0.862,57,0.106,False,5.233,7.404,0.263,10.158,47,36,19.647,True
291,0.996,83,0.119,False,6.235,7.622,-0.222,18.556,29,64,18.439,True
292,0.059,65,0.134,False,5.656,6.982,-0.706,26.647,26,79,20.809,True
293,0.47,68,0.102,False,6.316,7.221,-0.059,16.294,30,50,17.029,True
294,0.081,65,0.125,False,5.933,6.199,-0.353,19.471,41,57,18.028,True
295,0.981,55,0.103,False,5.007,5.026,0.0,16.0,56,25,18.0,True
296,0.181,83,0.121,False,5.979,6.764,-0.158,17.947,34,61,19.235,True
297,0.92,59,0.105,False,4.914,6.561,-0.263,19.842,23,59,19.647,True
298,0.999,73,0.19,False,5.837,5.432,0.105,16.368,123,26,19.105,True
299,0.447,60,0.084,False,5.019,7.321,-0.167,18.167,21,45,18.248,True
300,0.938,75,0.133,False,6.201,7.112,0.143,17.286,92,12,14.142,True
301,0.116,63,0.099,False,5.372,5.486,0.059,15.588,48,30,17.029,True
302,0.818,52,0.103,False,4.816,6.66,-0.158,17.947,24,57,19.235,True
303,0.048,91,0.244,False,6.375,7.271,-3.0,44.0,156,35,18.974,True
304,0.708,75,0.129,False,6.597,6.713,0.462,12.231,88,13,14.318,True
305,0.742,91,0.181,False,6.56,5.457,0.176,15.118,100,42,17.263,True
306,0.996,76,0.165,False,5.686,5.572,-0.263,20.316,34,95,19.647,True
307,0.011,60,0.119,False,5.39,6.341,0.105,15.368,68,25,19.105,True
308,0.001,68,0.129,False,6.702,3.945,-1.083,34.083,20,81,17.692,True
309,0.231,64,0.213,False,5.695,5.313,0.105,15.474,116,51,19.105,True
310,0.52,58,0.079,False,5.917,6.798,-0.308,22.385,18,44,13.601,True
311,0.043,65,0.128,False,6.133,8.569,-0.667,24.667,43,57,21.633,True
312,0.845,56,0.131,False,4.906,6.048,-0.158,18.105,31,72,19.235,True
313,0.666,58,0.106,False,5.092,6.982,-0.5,21.0,41,42,20.125,True
314,0.925,56,0.124,False,4.92,6.315,0.053,14.737,63,34,19.026,True
315,0.757,71,0.101,False,5.527,3.519,-0.118,17.941,29,50,17.117,True
316,0.717,61,0.112,False,5.357,6.506,-0.643,26.071,28,60,16.643,True
317,0.957,62,0.125,False,5.38,6.438,-0.211,18.263,38,60,19.416,True
318,0.999,61,0.157,False,5.16,5.647,-0.158,16.947,44,79,19.235,True
319,0.981,86,0.276,False,6.801,7.153,-1.545,42.091,54,162,20.248,True
320,0.995,59,0.106,False,4.903,6.11,0.0,15.0,52,31,19.0,True
321,0.186,76,0.13,False,5.536,7.269,-0.158,21.105,14,88,19.235,True
322,0.152,61,0.101,False,5.479,6.397,-0.263,20.579,22,57,19.647,True
323,0.508,66,0.218,False,6.439,9.777,-0.947,27.684,97,74,26.173,True
324,0.946,61,0.129,False,5.695,5.867,-0.211,19.263,34,67,19.416,True
325,0.991,80,0.131,False,6.119,6.098,-0.389,24.111,22,81,19.313,True
326,0.906,63,0.128,False,5.436,6.791,-0.333,20.333,34,66,18.974,True
327,0.419,61,0.093,False,5.786,6.235,-0.071,18.786,17,56,14.036,True
328,0.991,73,0.11,False,5.091,6.245,0.053,13.632,49,37,19.026,True
329,0.957,76,0.239,False,6.184,6.319,-0.632,25.789,51,136,22.472,True
330,0.997,74,0.142,False,5.772,7.477,-0.722,26.778,35,76,22.204,True
331,0.272,64,0.165,False,5.5,6.932,0.368,12.158,101,28,20.248,True
332,0.005,79,0.143,False,5.702,3.983,-0.158,18.789,41,71,19.235,True
333,1.0,74,0.151,False,5.903,7.985,-0.632,25.421,38,80,22.472,True
334,0.998,98,0.278,False,6.79,5.022,-1.231,33.077,98,120,20.616,True
335,0.979,50,0.077,False,4.697,7.381,-0.375,20.625,21,39,17.088,True
336,0.892,57,0.112,False,4.867,6.271,-0.105,17.632,24,64,19.105,True
337,0.106,54,0.07,False,4.983,6.644,-0.053,16.316,18,37,19.026,True
338,0.989,58,0.096,False,5.904,11.138,-0.789,25.737,32,43,24.207,True
339,0.965,79,0.181,False,5.987,6.829,-0.474,21.842,50,92,21.024,True
340,0.158,56,0.117,False,5.943,7.872,-0.647,24.176,45,47,20.248,True
341,0.998,88,0.129,False,7.34,4.482,0.25,16.0,93,8,16.492,True
342,0.994,61,0.134,False,4.97,5.47,-0.158,17.947,31,74,19.235,True
343,0.059,72,0.154,False,5.62,5.072,-0.333,22.0,28,93,18.974,True
344,0.999,72,0.218,False,5.856,5.821,0.75,0.25,47,124,20.0,True
345,0.916,66,0.233,False,6.165,6.523,-1.545,32.818,107,76,20.248,True
346,0.998,63,0.12,False,4.965,5.951,-0.316,20.211,28,66,19.925,True
347,0.992,61,0.099,False,4.979,5.951,-0.158,17.947,21,57,19.235,True
348,1.0,82,0.184,False,6.129,4.377,-0.167,19.167,39,105,18.248,True
349,0.873,54,0.092,False,5.26,7.993,0.0,14.0,45,27,19.0,True
350,0.999,86,0.14,False,6.619,6.299,0.222,13.889,78,32,18.439,True
351,0.958,77,0.119,False,5.899,4.095,-0.167,18.0,35,58,18.248,True
352,0.999,65,0.148,False,5.415,6.044,-0.316,20.211,34,82,19.925,True
353,0.983,60,0.134,False,5.16,6.824,-0.368,20.211,45,60,20.248,True
354,0.518,69,0.111,False,5.795,6.54,-0.158,18.105,28,59,19.235,True
355,0.914,72,0.131,False,5.633,3.831,0.167,14.0,67,36,18.248,True
356,0.34,58,0.087,False,5.721,6.912,0.0,16.0,45,23,19.0,True
357,0.98,81,0.129,False,6.613,5.453,-0.067,18.667,26,75,15.033,True
358,0.997,87,0.154,False,6.346,4.83,-0.105,18.632,41,80,19.105,True
359,0.779,64,0.203,False,5.537,5.803,-0.389,22.722,42,117,19.313,True
360,1.0,64,0.143,False,5.043,4.808,-0.278,19.944,32,80,18.682,True
361,0.727,75,0.145,False,5.966,6.544,-0.333,21.333,35,79,18.974,True
362,0.927,65,0.099,False,5.288,5.382,-0.222,18.778,25,53,18.439,True
363,1.0,51,0.203,False,5.334,5.566,-0.263,19.842,48,111,19.647,True
364,1.0,92,0.202,False,6.69,4.454,-0.467,25.667,37,121,16.553,True
365,0.972,82,0.119,False,6.097,6.911,0.0,17.0,65,28,16.0,True
366,0.011,80,0.158,False,6.397,7.935,0.0,17.0,80,44,19.0,True
367,0.764,59,0.078,False,5.049,4.474,-0.176,18.588,23,38,17.263,True
368,0.854,75,0.134,False,5.978,3.286,-0.533,27.333,17,88,17.0,True
369,0.994,72,0.128,False,5.989,5.607,-1.625,28.75,71,29,15.264,True
370,0.976,56,0.093,False,5.107,6.416,0.0,17.0,58,15,16.0,True
371,1.0,63,0.106,False,4.936,6.631,-0.263,18.842,31,52,19.647,True
372,0.387,49,0.077,False,5.252,7.864,0.158,13.211,39,21,19.235,True
373,0.293,75,0.144,False,5.829,4.511,-0.353,21.471,28,85,18.028,True
374,0.912,53,0.128,False,5.212,6.075,0.211,13.316,72,28,19.416,True
375,0.99,70,0.106,False,5.197,4.37,0.0,16.0,54,29,19.0,True
376,0.469,68,0.139,False,5.814,5.449,-0.053,16.316,37,72,19.026,True
377,0.998,68,0.158,False,5.932,6.293,-0.421,21.947,44,80,20.616,True
378,0.806,86,0.253,False,6.841,6.763,-1.5,38.5,71,127,21.633,True
379,0.998,58,0.083,False,5.154,8.316,-0.5,22.0,25,40,15.652,True
380,0.959,84,0.246,False,6.501,3.951,-1.8,42.0,91,102,20.591,True
381,0.891,78,0.217,False,6.34,5.216,-0.824,28.765,53,117,22.023,True
382,1.0,59,0.121,False,5.101,6.449,-0.368,20.579,32,63,20.248,True
383,0.957,62,0.153,False,5.315,6.855,-0.474,22.316,39,81,21.024,True
384,0.999,68,0.19,False,5.782,6.185,-0.389,21.111,51,98,19.313,True
385,1.0,81,0.153,False,6.202,5.093,-1.0,35.0,21,99,18.385,True
386,0.462,61,0.159,False,5.609,6.884,0.444,5.889,44,81,19.698,True
387,0.999,87,0.198,False,6.242,5.961,-3.167,57.833,90,65,19.925,True
388,0.996,67,0.156,False,5.56,6.281,-0.526,23.684,37,85,21.471,True
389,0.987,75,0.162,False,6.3,7.695,-0.842,29.053,28,99,24.839,True
390,1.0,69,0.14,False,5.231,5.65,-0.368,21.211,35,75,20.248,True
391,0.996,75,0.119,False,5.472,5.794,-0.588,25.706,21,72,19.723,True
392,0.998,79,0.162,False,5.678,6.485,-0.526,24.158,28,99,21.471,True
393,0.999,70,0.102,False,5.489,4.003,-0.278,19.944,27,53,18.682,True
394,0.994,67,0.114,False,5.189,5.334,-0.263,19.579,32,57,19.647,True
395,0.268,64,0.112,False,4.969,5.142,-0.846,30.308,17,71,17.029,True
396,0.417,58,0.092,False,4.768,7.001,-0.312,19.188,28,44,16.763,True
397,0.999,70,0.139,False,5.534,7.271,-0.632,24.789,35,74,22.472,True
398,0.998,61,0.125,False,5.334,8.264,0.722,4.944,60,38,22.204,True
399,1.0,77,0.18,False,5.823,7.049,-0.667,26.333,49,92,21.633,True
400,1.0,72,0.131,False,5.647,5.809,-0.444,24.556,26,77,19.698,True
401,0.998,80,0.129,False,6.189,4.497,-0.056,17.389,32,69,18.028,True
402,0.995,61,0.156,False,5.419,6.624,-0.611,24.278,40,82,21.095,True
403,1.0,77,0.154,False,5.85,5.062,-0.278,21.222,30,91,18.682,True
404,0.938,66,0.092,False,5.674,5.918,-0.111,17.778,24,48,18.111,True
405,0.988,58,0.167,False,5.833,7.932,-0.632,22.789,70,61,22.472,True
406,0.992,60,0.115,False,5.138,7.381,-0.368,20.211,34,56,20.248,True
407,0.993,67,0.093,False,5.577,8.106,-0.684,26.105,20,53,23.022,True
408,1.0,74,0.173,False,5.964,5.488,0.105,15.368,104,32,19.105,True
409,1.0,79,0.121,False,5.909,5.985,-0.222,20.778,21,74,18.439,True
410,1.0,64,0.125,False,5.359,5.911,0.0,16.0,74,24,19.0,True
411,1.0,68,0.131,False,5.445,6.107,-0.053,17.368,30,73,19.026,True
412,0.992,68,0.103,False,5.633,5.044,-0.353,21.824,24,57,18.028,True
413,0.974,71,0.117,False,5.42,6.005,0.105,15.474,66,26,19.105,True
414,0.999,72,0.139,False,5.958,5.16,0.0,17.0,85,24,19.0,True
415,1.0,70,0.136,False,5.465,4.273,-0.286,21.857,18,89,14.56,True
416,0.995,85,0.133,False,6.055,7.265,0.158,13.053,66,38,19.235,True
417,0.961,70,0.161,False,5.827,7.251,-0.158,18.947,38,88,19.235,True
418,1.0,53,0.167,False,5.515,7.329,0.158,14.895,106,25,19.235,True
419,0.999,72,0.172,False,6.192,7.616,0.368,10.421,82,53,20.248,True
420,0.999,60,0.179,False,5.53,5.839,0.389,7.278,60,80,19.313,True
421,0.998,78,0.11,False,6.19,4.295,-0.053,17.368,32,54,19.026,True
422,1.0,67,0.163,False,5.371,5.914,0.105,14.263,83,45,19.105,True
423,0.716,60,0.111,False,5.468,8.382,0.211,11.947,55,32,19.416,True
424,0.97,75,0.165,False,5.91,5.203,-0.263,19.579,39,90,19.647,True
425,0.999,80,0.186,False,6.283,6.415,0.105,15.368,106,40,19.105,True
426,0.999,72,0.153,False,5.404,5.334,-0.263,19.579,37,83,19.647,True
427,1.0,76,0.13,False,6.066,4.012,0.158,15.053,77,25,19.235,True
428,1.0,72,0.158,False,5.98,4.743,0.158,15.053,84,40,19.235,True
429,1.0,68,0.149,False,5.395,7.047,0.158,13.895,89,28,19.235,True
430,1.0,72,0.156,False,5.9,5.225,0.263,13.684,95,27,19.647,True
431,0.921,74,0.101,False,6.224,4.366,-0.316,20.895,20,59,19.925,True
432,0.993,69,0.119,False,5.384,6.216,0.053,15.684,67,26,19.026,True
433,1.0,70,0.139,False,5.611,6.41,-0.053,16.316,30,79,19.026,True
434,0.999,69,0.111,False,5.278,6.61,-0.158,16.947,26,61,19.235,True
435,1.0,74,0.119,False,5.334,5.435,0.0,16.0,66,27,18.0,True
436,0.999,79,0.139,False,6.181,4.828,-0.053,18.368,21,88,19.026,True
437,1.0,65,0.096,False,5.541,6.186,-0.278,20.222,26,49,18.682,True
438,1.0,68,0.129,False,5.425,6.031,0.158,13.053,69,32,19.235,True
439,0.999,75,0.151,False,5.327,4.954,-0.211,20.474,23,95,19.416,True
440,0.989,69,0.116,False,5.568,6.86,-0.211,17.474,36,55,19.416,True
441,1.0,72,0.126,False,5.503,5.35,0.105,14.368,66,33,19.105,True
442,1.0,87,0.203,False,6.512,5.588,0.158,15.053,110,49,19.235,True
443,0.997,59,0.105,False,4.909,6.553,0.053,14.684,56,26,19.026,True
444,0.984,71,0.131,False,5.284,5.58,0.0,17.0,84,19,19.0,True
445,0.989,67,0.143,False,5.307,5.893,-0.105,16.632,34,78,19.105,True
446,0.999,67,0.108,False,5.27,5.994,-0.294,19.647,29,56,17.72,True
447,0.999,79,0.108,False,6.083,5.138,-0.235,20.882,20,65,17.464,True
