,pred_prob,is_nine
0,1.3037835e-11,False
1,5.75402e-34,False
2,1.796833e-14,False
3,9.974249e-23,False
4,1.414513e-10,False
5,1.294988e-18,False
6,5.49966e-12,False
7,1.893421e-18,False
8,3.098954e-24,False
9,9.02859e-25,False
10,1.2863329e-25,False
11,5.9645203e-13,False
12,8.991729e-21,False
13,1.9741464e-18,False
14,1.5997951e-22,False
15,9.684871e-15,False
16,1.2397022e-21,False
17,3.437998e-24,False
18,1.5641657e-24,False
19,1.4283513e-09,False
20,1.3779274e-28,False
21,3.7887767e-14,False
22,1.7952774e-22,False
23,8.031934e-34,False
24,2.8195766e-15,False
25,6.3426674e-19,False
26,3.8872314e-10,False
27,1.0024115e-27,False
28,4.7681694e-19,False
29,4.6433496e-20,False
30,7.7636e-30,False
31,4.2016004e-25,False
32,5.5792232e-11,False
33,1.81004e-22,False
34,3.6533805e-14,False
35,1.7741625e-07,False
36,1.719441e-16,False
37,1.1589661e-10,False
38,1.4131076e-29,False
39,9.726845e-25,False
40,5.488277e-14,False
41,6.4100964e-18,False
42,0.0,False
43,1.3040366e-23,False
44,2.556859e-08,False
45,1.7289449e-24,False
46,8.149015e-29,False
47,3.301358e-19,False
48,2.0291102e-12,False
49,4.062913e-32,False
50,9.615888e-14,False
51,7.8312685e-15,False
52,6.438692e-08,False
53,2.7249878e-12,False
54,1.0983021e-11,False
55,1.6584445e-10,False
56,2.8954273e-16,False
57,1.2117039e-05,False
58,1.5850672e-07,False
59,1.8281564e-18,False
60,3.8170075e-10,False
61,0.0076744948,False
62,4.0631703e-18,False
63,0.37233752,True
64,1.3075104e-20,False
65,0.043860786,False
66,0.8760069,True
67,3.03966e-10,False
68,0.9757093,False
69,6.1154505e-11,False
70,1.2162202e-14,False
71,9.599318e-15,False
72,7.020509e-18,False
73,0.9999393,True
74,1.9673917e-14,False
75,5.2728627e-08,False
76,0.82819784,False
77,4.0446948e-14,False
78,1.6315097e-15,False
79,2.537075e-10,False
80,3.164404e-05,False
81,1.5123591e-06,False
82,1.4465672e-09,False
83,3.393193e-11,False
84,9.963635e-07,False
85,1.0713046e-17,False
86,3.448049e-07,False
87,7.1630074e-10,False
88,5.142185e-22,False
89,3.7797443e-07,False
90,3.1871294e-11,False
91,9.173926e-12,False
92,0.9989108,True
93,7.3033424e-20,False
94,7.0300406e-13,False
95,4.5577808e-10,False
96,1.7137423e-05,False
97,6.621301e-10,False
98,8.710018e-09,False
99,1.9042092e-12,False
100,3.2800464e-17,False
101,4.558195e-13,False
102,0.9998105,True
103,0.043331552,True
104,1.1684421e-09,False
105,3.7648643e-12,False
106,7.825593e-07,False
107,4.5130424e-11,False
108,1.3057868e-11,False
109,4.2227626e-07,False
110,0.630157,True
111,5.3777993e-12,False
112,0.8460465,True
113,1.0260377e-13,False
114,1.0711286e-10,False
115,2.0750053e-18,False
116,0.0053429534,False
117,3.8130085e-12,False
118,0.055596776,False
119,0.0070641893,False
120,1.0868292e-13,False
121,2.3987475e-11,False
122,2.5670551e-15,False
123,0.140131,True
124,0.023666741,True
125,3.0994032e-09,False
126,9.047868e-09,False
127,0.006806059,False
128,1.9405955e-14,False
129,0.0011391102,False
130,1.8589758e-07,False
131,1.9606396e-12,False
132,8.745702e-14,False
133,0.00077394047,True
134,1.6955345e-11,False
135,8.7175536e-08,False
136,3.4891696e-16,False
137,3.3791245e-08,False
138,3.0566158e-10,False
139,4.3954242e-15,False
140,0.0030481345,False
141,7.2251754e-07,False
142,8.196576e-06,False
143,4.2943363e-10,False
144,0.18675502,False
145,5.2785167e-06,False
146,2.6862725e-09,False
147,1.269642e-08,False
148,0.23018773,False
149,0.75986946,False
150,0.23722203,False
151,0.006948273,False
152,0.0015595737,False
153,2.1392973e-18,False
154,0.000675641,False
155,1.0136998e-08,False
156,3.0257512e-05,True
157,2.108318e-08,False
158,3.1393818e-11,False
159,0.12440651,False
160,0.00029401446,True
161,1.116737e-18,False
162,1.1251327e-07,False
163,3.846101e-10,False
164,0.4659983,False
165,1.2627032e-06,False
166,0.94565123,True
167,0.99994254,True
168,8.2424733e-19,False
169,0.7482631,True
170,2.3000486e-10,False
171,2.9713308e-07,False
172,1.1435892e-09,False
173,0.9987167,False
174,1.1175501e-05,False
175,4.1213424e-09,False
176,2.890262e-09,False
177,3.696363e-09,False
178,1.4572055e-06,False
179,2.3522932e-11,False
180,0.99999106,True
181,0.0027531055,False
182,0.068645254,True
183,7.98256e-05,False
184,9.231864e-13,False
185,0.99572134,False
186,5.4402817e-18,False
187,0.998609,True
188,5.621485e-13,False
189,1.6257795e-10,False
190,2.2475641e-26,False
191,3.7204475e-19,False
192,3.2169367e-09,False
193,1.0054035e-10,False
194,0.9999652,True
195,0.0055960193,False
196,1.0580206e-12,False
197,1.166792e-09,False
198,7.477767e-05,False
199,3.3290377e-11,False
200,1.6988687e-06,False
201,0.26248905,False
202,0.99994636,True
203,1.7390184e-17,False
204,1.4049326e-05,False
205,0.5337293,True
206,0.9873303,False
207,6.728564e-09,False
208,8.366315e-09,False
209,7.164943e-06,False
210,1.3199618e-12,False
211,0.9999362,True
212,0.89816934,True
213,2.7089234e-07,False
214,0.0035348663,False
215,0.0005707962,True
216,1.9000919e-06,True
217,0.9999876,True
218,5.3414473e-12,False
219,1.1648243e-12,False
220,0.99999917,True
221,0.98353344,True
222,0.9998714,True
223,0.8585209,True
224,4.395108e-14,False
225,0.7568194,False
226,0.12592004,True
227,6.1463504e-12,False
228,0.99871516,True
229,0.0057100584,False
230,0.00036097542,True
231,0.6112093,True
232,0.9999999,True
233,0.008899886,False
234,0.00067152333,True
235,3.6284823e-07,False
236,0.99995124,True
237,1.5476391e-07,False
238,0.0013126752,True
239,0.9999652,True
240,0.9999852,True
241,6.7200517e-06,False
242,2.4055232e-19,False
243,6.7565037e-07,False
244,0.74054796,False
245,0.0010289341,False
246,8.0140075e-05,False
247,1.0,True
248,0.0027955798,False
249,2.8399304e-11,False
250,0.06773773,True
251,0.005261706,True
252,0.9997056,True
253,0.9852563,True
254,0.9999964,True
255,6.49315e-09,False
256,0.9942749,True
257,0.95173603,False
258,2.459455e-05,False
259,0.5948494,False
260,2.6114953e-05,False
261,1.0613655e-07,False
262,8.114272e-07,False
263,1.9078306e-09,False
264,0.026799597,True
265,0.00419921,False
266,0.6325012,False
267,0.80594665,False
268,0.12052007,True
269,0.9999999,True
270,0.99966466,True
271,1.4643214e-06,False
272,0.61012554,True
273,6.489457e-06,False
274,0.49191818,False
275,0.999974,True
276,0.0007637125,True
277,2.7254464e-07,False
278,8.565046e-08,False
279,1.3865024e-11,False
280,4.5938454e-11,False
281,2.664604e-10,False
282,1.1650472e-11,False
283,0.040409435,False
284,5.6252044e-14,False
285,7.227967e-06,False
286,1.454097e-09,False
287,6.907799e-07,False
288,0.042280048,True
289,0.99990785,False
290,1.42034855e-08,False
291,8.575163e-06,False
292,0.0076949154,False
293,0.93851495,True
294,5.1011773e-14,False
295,1.3558406e-06,False
296,1.9088613e-12,False
297,0.31207436,True
298,0.0048557534,False
299,4.8268756e-08,False
300,0.059039682,False
301,0.7355426,False
302,0.3217933,True
303,0.0075762197,False
304,2.3282494e-13,False
305,7.1138935e-11,False
306,0.062445506,True
307,0.0022742783,False
308,0.9634265,False
309,0.003528692,True
310,5.2686782e-11,False
311,4.1870527e-07,False
312,0.9969042,True
313,0.9451058,True
314,3.898183e-10,False
315,2.0071523e-06,False
316,0.95178914,True
317,8.234682e-11,False
318,0.9999999,True
319,0.9994636,True
320,2.598822e-09,False
321,2.6314744e-08,False
322,0.9999999,True
323,3.6041947e-05,False
324,1.0,True
325,0.56989706,False
326,0.9862211,False
327,1.4035117e-12,False
328,0.016944641,False
329,0.9989177,True
330,0.006594874,True
331,0.99818903,False
332,5.177035e-10,False
333,4.711052e-07,False
334,0.9997404,True
335,0.096662484,False
336,0.9057932,False
337,0.9793219,True
338,0.0011277163,True
339,0.9992004,True
340,1.4630467e-09,False
341,0.17088467,False
342,0.9999938,True
343,0.9891544,True
344,0.99999666,True
345,5.4451527e-21,False
346,1.0,True
347,1.0,True
348,0.0010838273,False
349,0.006242594,True
350,0.99792033,True
351,0.98868865,True
352,6.3197475e-11,False
353,0.9999999,True
354,1.3142649e-07,False
355,0.30559736,True
356,0.18277214,False
357,0.99638784,True
358,1.0,True
359,0.00022831395,False
360,2.3763015e-14,False
361,0.00011230247,True
362,1.5583333e-05,True
363,0.9999858,True
364,1.060952e-07,False
365,1.1765078e-06,False
366,0.9999999,True
367,0.014524832,False
368,1.4086186e-11,False
369,0.001997975,False
370,0.57989883,True
371,0.000105188534,False
372,0.9999802,True
373,0.89641875,True
374,0.016569216,True
375,0.806469,True
376,0.9999887,True
377,0.999992,True
378,1.0,True
379,0.9444824,False
380,3.973278e-06,False
381,0.99999976,True
382,0.73550695,True
383,0.9093017,True
384,5.5960708e-08,False
385,0.9046263,True
386,0.99736625,True
387,0.00040461775,True
388,0.9992743,True
389,0.99999464,True
390,0.11853947,True
391,0.8978435,True
392,0.0007471412,False
393,0.9999856,True
394,1.0,True
395,0.06571079,True
396,0.0012701985,True
397,0.471547,False
398,0.84944904,True
399,0.027923008,True
400,0.99996614,True
401,0.9996966,True
402,0.9989611,True
403,0.99988437,True
404,1.0,True
405,0.99995124,True
406,1.0,True
407,0.80774635,True
408,0.9999908,True
409,0.99998367,True
410,0.9992398,True
411,5.3830643e-08,False
412,0.84355724,True
413,0.9999981,True
414,3.026291e-08,False
415,0.019971615,False
416,0.00022565183,False
417,0.9935961,True
418,0.39119563,True
419,1.0,True
420,0.99998975,True
421,0.9997365,False
422,0.99999976,True
423,1.0,True
424,1.0,True
425,0.9999999,True
426,0.99875796,True
427,1.0,True
428,0.99936515,True
429,0.9999914,True
430,0.9999999,True
431,0.98491454,True
432,1.0,True
433,1.0,True
434,1.0,True
435,1.0,True
436,0.044492755,False
437,0.993417,True
438,0.9999993,True
439,1.0,True
440,0.9999989,True
441,1.0,True
442,1.0,True
443,1.0,True
444,1.0,True
445,1.0,True
446,1.0,True
447,0.9729129,True
448,0.94000864,True
449,1.0,True
450,1.0,True
451,1.0,True
452,1.0,True
453,1.0,True
454,1.0,True
455,0.99964094,True
456,0.91701734,True
457,0.9999927,True
458,0.9999989,True
459,1.0,True
460,1.0,True
461,0.99999785,True
462,1.0,True
463,1.0,True
464,1.0,True
465,0.99999976,True
466,0.99999523,True
467,1.0,True
468,1.0,True
469,0.9999999,True
470,0.9999838,True
471,1.0,True
